Velocidade_m_s;Frequencia_Weibull_%;Potencia_kW;f(v).P(v)
0;0,0022;0,0;0,0
1;0,1443;0,0;0,0
2;0,8889;0,0;0,0
3;2,6787;14,0;0,37502
4;5,7363;60,0;3,44179
5;9,847;155,0;15,26282
6;14,1385;269,0;38,0327
7;17,143;420,0;72,00059
8;17,4163;625,0;108,85188
9;14,5531;900,0;130,97771
10;9,7447;1195,0;116,44959
11;5,0652;1395,0;70,65958
12;1,9705;1485,0;29,26251
13;0,5509;1500,0;8,26408
14;0,1059;1500,0;1,58845
15;0,0133;1500,0;0,20006
16;0,001;1500,0;0,01568
17;0,0;1500,0;0,00072
18;0,0;1500,0;2e-05
19;0,0;1500,0;0,0
20;0,0;1500,0;0,0
