Hora;v10_medido_m_s;v50_medido_m_s;v50_estimado_log_m_s;erro_log_pct;v50_estimado_pot_m_s;erro_pot_pct
00h;3,802;6,241;4,856;-22,194;4,785;-23,325
01h;3,991;6,345;5,097;-19,673;5,023;-20,84
02h;4,15;6,433;5,3;-17,608;5,223;-18,805
03h;4,209;6,434;5,375;-16,455;5,297;-17,669
04h;4,169;6,353;5,324;-16,204;5,247;-17,421
05h;4,093;6,221;5,227;-15,97;5,151;-17,191
06h;5,053;6,602;6,453;-2,259;6,359;-3,679
07h;6,08;7,481;7,764;3,777;7,651;2,269
08h;6,078;7,252;7,762;7,023;7,649;5,468
09h;5,626;6,61;7,185;8,705;7,081;7,126
10h;5,14;5,995;6,564;9,495;6,468;7,904
11h;4,743;5,514;6,056;9,843;5,968;8,247
12h;4,455;5,168;5,689;10,086;5,607;8,487
13h;4,24;4,918;5,415;10,105;5,336;8,506
14h;4,082;4,75;5,213;9,728;5,137;8,134
15h;3,962;4,667;5,059;8,394;4,986;6,82
16h;3,755;4,669;4,795;2,685;4,725;1,193
17h;2,773;4,819;3,541;-26,522;3,489;-27,59
18h;2,712;5,359;3,463;-35,38;3,413;-36,319
19h;3,085;5,812;3,94;-32,218;3,883;-33,202
20h;3,341;6,059;4,266;-29,592;4,204;-30,615
21h;3,483;6,151;4,448;-27,688;4,383;-28,739
22h;3,568;6,17;4,556;-26,155;4,49;-27,228
23h;3,658;6,183;4,672;-24,446;4,604;-25,544
