Mes;v10_medido_m_s;v50_medido_m_s;v50_estimado_log_m_s;erro_log_pct;erro_abs_log_pct;v50_estimado_potencia_m_s;erro_potencia_pct;erro_abs_potencia_pct
Jan;2,976;4,444;3,8;-14,488;14,488;3,745;-15,731;15,731
Fev;2,877;4,384;3,674;-16,193;16,193;3,621;-17,411;17,411
Mar;2,877;4,416;3,675;-16,792;16,792;3,621;-18,001;18,001
Abr;3,158;4,849;4,033;-16,824;16,824;3,975;-18,032;18,032
Mai;4,174;6,065;5,33;-12,113;12,113;5,253;-13,39;13,39
Jun;4,984;7,019;6,365;-9,325;9,325;6,272;-10,642;10,642
Jul;5,509;7,567;7,035;-7,033;7,033;6,932;-8,383;8,383
Ago;5,567;7,586;7,109;-6,292;6,292;7,006;-7,653;7,653
Set;5,618;7,537;7,175;-4,802;4,802;7,071;-6,185;6,185
Out;4,83;6,537;6,169;-5,642;5,642;6,079;-7,013;7,013
Nov;3,852;5,373;4,92;-8,44;8,44;4,848;-9,77;9,77
Dez;3,613;5,222;4,614;-11,645;11,645;4,547;-12,928;12,928
